{
  "timestamp": "2026-03-14T23:34:18.908997",
  "methodology": "Walk-Forward OOS (2016-2023 train, 2024-2025 test)",
  "patterns_tested": 17,
  "results": {
    "belt_hold_bullish": {
      "train_pf": 1.2320169719986416,
      "train_win_pct": 50.792718731650034,
      "train_count": 3406,
      "test_pf": 1.2908742380976739,
      "test_win_pct": 52.737430167597765,
      "test_count": 895
    },
    "bullish_kicker": {
      "train_pf": 1.3079892457030584,
      "train_win_pct": 53.018660812294186,
      "train_count": 3644,
      "test_pf": 0.933300524670374,
      "test_win_pct": 48.44649021864212,
      "test_count": 869
    },
    "doji": {
      "train_pf": 1.2193586991257563,
      "train_win_pct": 56.86274509803921,
      "train_count": 51,
      "test_pf": 3.4125302850820614,
      "test_win_pct": 62.39316239316239,
      "test_count": 117
    },
    "downside_tasuki_gap": {
      "train_pf": 1.0586863832530569,
      "train_win_pct": 52.02702702702703,
      "train_count": 296,
      "test_pf": 0.9703965717132549,
      "test_win_pct": 49.23076923076923,
      "test_count": 65
    },
    "falling_three_methods": {
      "train_pf": 1.206757493295178,
      "train_win_pct": 54.3447890472199,
      "train_count": 3579,
      "test_pf": 1.1463526343231683,
      "test_win_pct": 53.81784728610855,
      "test_count": 1087
    },
    "hammer": {
      "train_pf": 1.1562481508136384,
      "train_win_pct": 50.43227665706051,
      "train_count": 347,
      "test_pf": 1.4175044477172232,
      "test_win_pct": 51.388888888888886,
      "test_count": 144
    },
    "harami_cross": {
      "train_pf": 1.1761353827393006,
      "train_win_pct": 50.0,
      "train_count": 2030,
      "test_pf": 1.2297812908685521,
      "test_win_pct": 50.877192982456144,
      "test_count": 570
    },
    "high_wave": {
      "train_pf": 1.1872129665916915,
      "train_win_pct": 51.67410714285714,
      "train_count": 3584,
      "test_pf": 1.0318900300316087,
      "test_win_pct": 48.57142857142857,
      "test_count": 945
    },
    "homing_pigeon": {
      "train_pf": 1.3144745221161902,
      "train_win_pct": 52.59984928409948,
      "train_count": 2654,
      "test_pf": 1.5115407834645862,
      "test_win_pct": 55.27156549520767,
      "test_count": 626
    },
    "in_neck": {
      "train_pf": 1.1846168369878083,
      "train_win_pct": 51.824480369515015,
      "train_count": 2165,
      "test_pf": 1.1681984448134917,
      "test_win_pct": 49.120234604105576,
      "test_count": 682
    },
    "long_legged_doji": {
      "train_pf": 1.1213984978271738,
      "train_win_pct": 50.78291127005606,
      "train_count": 5173,
      "test_pf": 1.0488830922834775,
      "test_win_pct": 49.171270718232044,
      "test_count": 1448
    },
    "on_neck": {
      "train_pf": 1.0278051373396442,
      "train_win_pct": 49.73118279569893,
      "train_count": 372,
      "test_pf": 0.7691605875844578,
      "test_win_pct": 45.925925925925924,
      "test_count": 135
    },
    "rising_three_methods": {
      "train_pf": 1.1300233382849565,
      "train_win_pct": 48.76905041031653,
      "train_count": 853,
      "test_pf": 1.0247224677313278,
      "test_win_pct": 45.13274336283185,
      "test_count": 226
    },
    "spinning_top": {
      "train_pf": 1.1896177561826595,
      "train_win_pct": 51.569657491069556,
      "train_count": 23795,
      "test_pf": 1.0411793922750356,
      "test_win_pct": 49.181322013341415,
      "test_count": 6596
    },
    "stick_sandwich": {
      "train_pf": 0.9512915465061227,
      "train_win_pct": 50.064683053040106,
      "train_count": 1546,
      "test_pf": 1.3923852949776327,
      "test_win_pct": 53.9622641509434,
      "test_count": 530
    },
    "three_inside_up": {
      "train_pf": 1.336603825266369,
      "train_win_pct": 51.42857142857142,
      "train_count": 1645,
      "test_pf": 1.1581579981030024,
      "test_win_pct": 52.926208651399484,
      "test_count": 393
    },
    "three_outside_up": {
      "train_pf": 0.9680728149420877,
      "train_win_pct": 47.68713204373423,
      "train_count": 1189,
      "test_pf": 1.0561677930948754,
      "test_win_pct": 46.973365617433416,
      "test_count": 413
    }
  }
}